id,full_name,email,username,password,birthday,account_status_id
1,Lucas Smith,lucas.smith1@mail.com,lucas_smith1,Qw3rty!9,1990-04-12,2
2,Emma Johnson,emma.johnson2@mail.com,emma_johnson2,Pa$$word2,1988-11-23,2
3,Mateo Brown,mateo.brown3@mail.com,mateo_brown3,XyZ12345,1995-07-30,3
4,Olivia Garcia,olivia.garcia4@mail.com,olivia_garcia4,Ol1v1a!@,1992-02-14,1
5,Santiago Lee,santiago.lee5@mail.com,santiago_lee5,LeeS@nt22,1991-09-05,1
6,Valentina Kim,valentina.kim6@mail.com,valentina_kim6,ValK!m2021,1993-12-19,3
7,Benjamin Clark,benjamin.clark7@mail.com,benjamin_clark7,BenC#2022,1989-06-08,2
8,Mia Lewis,mia.lewis8@mail.com,mia_lewis8,MiaL*123,1996-03-27,1
9,Sebastian Walker,sebastian.walker9@mail.com,sebastian_walker9,SebW@lk9,1994-10-16,3
10,Sofia Hall,sofia.hall10@mail.com,sofia_hall10,SofH!2020,1990-01-02,1
11,David Young,david.young11@mail.com,david_young11,DavY0ung!,1987-08-21,2
12,Isabella Allen,isabella.allen12@mail.com,isabella_allen12,IsaA#l12,1992-05-11,3
13,Gabriel King,gabriel.king13@mail.com,gabriel_king13,GabK!ng13,1993-11-29,1
14,Camila Wright,camila.wright14@mail.com,camila_wright14,CamWri14$,1991-07-07,1
15,Samuel Scott,samuel.scott15@mail.com,samuel_scott15,SamS!c15,1995-02-18,3
16,Victoria Green,victoria.green16@mail.com,victoria_green16,VicG#r16,1989-12-03,2
17,Daniel Adams,daniel.adams17@mail.com,daniel_adams17,DanA!d17,1994-09-25,1
18,Martina Baker,martina.baker18@mail.com,martina_baker18,MarB@k18,1990-06-13,3
19,Nicolas Nelson,nicolas.nelson19@mail.com,nicolas_nelson19,NicN#l19,1992-03-31,1
20,Lucia Carter,lucia.carter20@mail.com,lucia_carter20,LucC!r20,1996-08-09,2
21,Diego Mitchell,diego.mitchell21@mail.com,diego_mitchell21,DieM!t21,1991-01-17,3
22,Elena Perez,elena.perez22@mail.com,elena_perez22,EleP#r22,1993-04-28,1
23,Tomas Roberts,tomas.roberts23@mail.com,tomas_roberts23,TomR@b23,1995-11-12,1
24,Renata Evans,renata.evans24@mail.com,renata_evans24,RenE!v24,1988-10-04,3
25,Juan Turner,juan.turner25@mail.com,juan_turner25,JuaT#r25,1990-05-20,2
26,Antonia Phillips,antonia.phillips26@mail.com,antonia_phillips26,AntP!h26,1992-12-15,1
27,Felipe Campbell,felipe.campbell27@mail.com,felipe_campbell27,FelC@p27,1994-07-01,3
28,Paula Parker,paula.parker28@mail.com,paula_parker28,PauP#k28,1996-02-22,1
29,Joaquin Edwards,joaquin.edwards29@mail.com,joaquin_edwards29,JoaE!d29,1991-09-14,2
30,Valeria Collins,valeria.collins30@mail.com,valeria_collins30,ValC@l30,1993-06-06,3
31,Emiliano Stewart,emiliano.stewart31@mail.com,emiliano_stewart31,EmiS#t31,1995-03-19,1
32,Josefina Sanchez,josefina.sanchez32@mail.com,josefina_sanchez32,JosS!z32,1989-12-27,2
33,Dylan Morris,dylan.morris33@mail.com,dylan_morris33,DylM@r33,1992-08-15,3
34,Florencia Rogers,florencia.rogers34@mail.com,florencia_rogers34,FloR#s34,1994-05-03,1
35,Bruno Reed,bruno.reed35@mail.com,bruno_reed35,BruR!d35,1990-10-29,1
36,Julieta Cook,julieta.cook36@mail.com,julieta_cook36,JulC@k36,1991-04-11,3
37,Maximo Morgan,maximo.morgan37@mail.com,maximo_morgan37,MaxM#n37,1993-11-08,2
38,Agustina Bell,agustina.bell38@mail.com,agustina_bell38,AguB!l38,1995-06-24,1
39,Facundo Murphy,facundo.murphy39@mail.com,facundo_murphy39,FacM@p39,1988-09-17,3
40,Catalina Bailey,catalina.bailey40@mail.com,catalina_bailey40,CatB#y40,1992-01-06,1
41,Juan Pablo Rivera,juan.rivera41@mail.com,juan_rivera41,JuaR!v41,1994-08-13,2
42,Amanda Cooper,amanda.cooper42@mail.com,amanda_cooper42,AmaC@p42,1996-03-25,3
43,Martin Richardson,martin.richardson43@mail.com,martin_richardson43,MarR#n43,1991-12-02,1
44,Jose Torres,jose.torres44@mail.com,jose_torres44,JosT!r44,1993-07-21,1
45,Manuela Cox,manuela.cox45@mail.com,manuela_cox45,ManC@x45,1995-02-10,3
46,Andres Ward,andres.ward46@mail.com,andres_ward46,AndW#d46,1989-05-28,2
47,Gabriela Brooks,gabriela.brooks47@mail.com,gabriela_brooks47,GabB!k47,1992-10-18,1
48,Leonardo James,leonardo.james48@mail.com,leonardo_james48,LeoJ@m48,1994-01-30,3
49,Mariah Bennett,mariah.bennett49@mail.com,mariah_bennett49,MarB#t49,1996-06-07,1
50,Pedro Wood,pedro.wood50@mail.com,pedro_wood50,PedW!d50,1990-03-15,2
51,John Doe,john.doe@example.com,johndoe,secure123,1990-05-15,1
52,John Doe,john.doe@example.com,johndoe,secure123,1990-05-15,1
53,John Doe,john.doe@example.com,johndoe,secure123,1990-05-15,1
54,John Doe,john.doe@example.com,johndoe,secure123,1990-05-15,1
55,John Doe,john.doe@example.com,johndoe,secure123,1990-05-15,1
56,John Doe,john.doe@example.com,johndoe,secure123,1990-05-15,1
57,Paul Jones,tsmith@example.org,janthony,F$s7G0Iv19,1958-10-09,2
58,Colton Mccann,gutierrezanthony@example.com,rwilliams,M#L9f#pqsT,1956-12-25,2
59,Bonnie Jones,fklein@example.org,laurengibson,K(*953WwyS,1988-05-10,2
60,Ryan Curry,lee34@example.com,marywarner,GR84LpV*+),1966-02-19,1
61,Brett Whitaker,lindseyjason@example.org,smartin,K(8dj*MwUV,1983-07-07,1
62,Latoya Henson,joseph85@example.org,browningtodd,!WYL0LcL!B,1979-10-14,2
63,Lauren Collins,ujohnson@example.net,williamsjudith,p#m6&bJf+p,1975-05-31,1
64,Alexa Watson,perezwilliam@example.net,ericarussell,&QnSW0%&z3,1978-05-31,2
65,Ryan Smith,barryhurley@example.com,ewilliams,s7N17fEp0(,1970-12-10,2
66,Robert Garcia,slarson@example.com,darren85,K%V1DMcj_9,1992-03-25,2
67,Wanda Fowler,tonya38@example.org,christinegoodman,X*!7$!Kps4,1992-05-26,1
68,Mary Williams,rjacobson@example.net,holly50,Z$T@8TVy6),1997-07-28,1
69,Mr. Steven Davis,brandon58@example.net,kevinwhite,_6V&8et%$$,2006-06-12,1
70,James Beck,daniel86@example.net,dmitchell,#Fq!1OInf4,1977-11-27,1
71,Joseph Holder,james33@example.net,deniseluna,)ACWYJhm$0,1985-06-18,1
72,Richard Yang,christopherday@example.org,elizabethphillips,$IQV)3UeP0,1989-08-29,2
73,Kendra Jones,preynolds@example.com,allenalexandra,_3^E3EAkv3,2002-10-05,2
74,Jill Bean,mmeadows@example.net,russell20,)H1_OqPcG2,1989-03-13,1
75,Gregory Wilson,michaelcunningham@example.org,brian80,(6F30dhedm,1958-05-24,2
76,Lori Lyons,cindy78@example.org,zstrickland,wvx1LR@C&0,1991-11-09,2
77,Samuel Stewart,rwong@example.net,swoods,#aSwFjpjP2,1985-09-18,1
78,William Mckay,qbarker@example.net,darrell55,_ML7kEmx67,1974-04-02,1
79,Daniel Bridges,richardmorris@example.org,mjohnson,k7Sl30ub^@,1996-11-30,1
80,Eduardo Washington,macdonaldbrandon@example.com,anthonywalker,^b1BN1Hn@t,1979-08-28,1
81,Catherine Anthony,garnercassandra@example.org,christina13,$q3i+EClT%,1993-01-28,1
82,Thomas Baldwin,kingkaren@example.com,chloehernandez,!fL416InWR,1998-07-12,2
83,Tiffany Nelson,xkaufman@example.com,newtonkevin,J)o!D5SV5r,1945-03-08,1
84,Kenneth Peterson,anthonycruz@example.org,lwang,Xj0AO2%9K&,1990-08-13,1
85,Julie Williams,maria00@example.net,lgibbs,$sCziA6w71,1995-06-01,2
86,Brian Ruiz,erica53@example.net,shannon63,&j)t^8WKR6,2001-06-27,2
87,Joshua Thompson,ohampton@example.org,arianaholt,S5Od*4Ex&1,1951-02-07,1
88,John West,cody08@example.com,jenniferedwards,y8WUnnSd!T,1959-09-03,2
89,Wendy Strickland,brianlee@example.com,monicahines,Zf98tF@#x@,1982-03-08,1
90,Debra Davis,ygarcia@example.com,epeterson,51$4^$LuaL,1986-05-27,2
91,Jocelyn Stephens,stacy01@example.org,powellalex,kIiD76TiF&,1987-10-31,2
92,Steven Christensen,sandraedwards@example.com,jennifer65,ky74ZnxR&#,1991-06-04,2
93,Philip Patterson,monicacisneros@example.org,olivia91,Q+g1Pqgv%Q,1983-10-01,1
94,William Strickland,shawnsmith@example.com,rachelthomas,#53N(ds&F#,1990-09-19,2
95,Cassie Ward,zwiley@example.com,casey75,gEK5LBYr1%,1978-02-24,1
96,Sydney Chavez,ywatts@example.net,reginaldgonzales,@J1RxIaljC,1986-03-27,1
97,Deborah Mcconnell,michaelstewart@example.com,oferguson,%J9Fwwyt7!,1995-11-14,1
98,Brian Maldonado,chasejasmine@example.org,pricebenjamin,3P)6QhNuU(,1975-01-31,1
99,Kayla Klein,jmiller@example.net,hsantiago,Zn_4uP7j!q,1986-07-04,1
100,Tony Dawson,andrea52@example.com,sharonguerrero,+j34F7w)k_,1965-06-25,2
101,Eric Rosario,angelaochoa@example.net,olopez,a@mB66O7Hk,1990-07-23,1
102,Catherine Hawkins,martinezmatthew@example.net,jonathanmiller,jLR3R55t)r,1977-05-19,2
103,Anna King,lewismarissa@example.net,carrie61,+tEN^+wp1Q,1960-10-25,2
104,Deanna Thomas,donna45@example.com,linda57,_L5Dw&BsnR,1956-10-17,2
105,William Johnson,moniquemccarthy@example.org,brockneil,#UEfHH+W3c,1964-01-08,2
106,Joyce Rodriguez,gmartin@example.com,kingjennifer,!t8IvKAH9X,1981-03-17,1
107,Eric Neal,sandra76@example.net,dustin27,U3QJmCeU^n,1959-01-30,2
108,Timothy Orozco,jonathanlarson@example.net,meganmiller,lw0oPNDT#4,1968-11-07,2
109,Robert Callahan,michaelhansen@example.net,moonallen,hh!w2Q1p@O,2004-08-30,2
110,Sheila Peters,edwardsleroy@example.com,qmendoza,T0*K!0Sp*o,1984-05-11,1
111,Brenda Carter,arnoldrachel@example.com,reynoldsjessica,(wiyPlWvL7,1999-10-17,2
112,Tonya Lewis,ryandiaz@example.org,thomasmolly,9!1FfgpW*#,1980-04-08,2
113,Katrina Good,nicholasunderwood@example.net,carrie64,d7ZnUXs3%),1991-03-10,1
114,David Mckenzie,znicholson@example.net,paulturner,_+23lIUd6S,1992-11-12,1
115,Timothy Thompson,tinasmith@example.net,amberhill,p5DFgKbt*D,1992-08-28,1
116,Alexander Fowler,sjoseph@example.org,kimthornton,D#5UjvipBo,1976-03-16,2
117,Raymond Everett,kimberlyfrench@example.org,reginaldjimenez,+8A6b0NaLy,1981-03-14,2
118,Debbie Mitchell,ashleystrickland@example.net,lshannon,^i77CgD0Y%,1970-02-28,1
119,Timothy Rodriguez,kristen20@example.net,srose,C81o6M%a4&,1965-03-08,2
120,Heather Walker,deborahli@example.com,josephburns,#$56ZIw5#+,1977-05-05,1
121,Frank Khan,gonzalezrhonda@example.net,jacksonalexa,@j8Qbgby7j,1956-12-23,2
122,Stephanie Scott,carla39@example.com,sylviawilliams,9uDQOq(v+_,1989-10-12,2
123,Joshua Cole,nicholsthomas@example.net,gary89,t)fV7Iyy(p,1952-07-19,1
124,Wendy Chandler,vyoung@example.net,martinezdawn,!U0WHzd)KI,1955-08-21,1
125,Corey Lewis,nmatthews@example.net,ephillips,bpVJdLbI)6,1991-04-14,2
126,Amanda Peterson,smatthews@example.com,wanda99,MznKmtfi@3,1988-12-10,1
127,Joseph Reynolds,katherine49@example.net,lambsusan,V_8X7fW$Af,1993-04-02,1
128,Ray Miller,eduardo24@example.com,xhart,)K0NS7So9u,1960-09-02,2
129,Alex Pena,garciadarlene@example.net,shart,!fWLHZ5p16,1985-05-06,1
130,Steve Bennett,bradley07@example.org,robertdavis,0xdOYcMy!e,1968-07-07,1
131,Wendy Jackson,lstewart@example.com,hayeslori,_w3xXHxy%@,1983-09-26,2
132,Carol Sims,mahoneyjessica@example.org,dsnow,+24FRANAVt,2007-07-10,2
133,Brittany Kidd,bartlettvictoria@example.net,rachel26,V(5GNf(F@x,2004-05-05,2
134,Melissa Torres,jacqueline42@example.net,colleen48,!no+PuJ7@5,1997-11-03,2
135,Larry Morgan,youngmargaret@example.org,jmiller,81T7hWcl)f,1958-12-30,1
136,Cynthia Franklin,erika40@example.net,riosvictor,!#+1JCWR)x,1959-09-07,2
137,Deborah Rivera,valerie78@example.net,mmendoza,Be8QhKtg!!,2000-10-03,1
138,Scott Wells,jessicafischer@example.com,bhanna,fc3Xe_v8x),1958-09-19,1
139,Olivia Taylor,vmorris@example.net,michaelneal,^%1@WGUujH,1974-02-19,2
140,Darrell Fuller,victoriasmall@example.net,bpetersen,iPOmTBdz#3,1984-05-05,2
141,Billy Bryan,srichards@example.com,kristin55,_8T^MNFG+p,1948-08-23,1
142,Michael Horton,istephens@example.com,hernandezvictoria,#U7CRbnLwK,1999-01-22,2
143,Allison Fernandez,timothyherrera@example.net,cheyenne33,87ApOg!R@3,2004-02-13,2
144,Jean Flynn,abanks@example.net,curtissantos,_1dROmBSg6,1979-01-13,2
145,Barry Gordon,nharris@example.net,kevin46,hz6X6i#n(!,1946-12-12,2
146,Robert Butler,joshuapatton@example.net,qadams,)O70Y*0y(8,1996-10-03,1
147,Briana Smith,ysmith@example.org,lboyd,Epuk0Zhr$6,1984-07-06,2
148,Bryan Wilson,bradley67@example.net,heidimckee,%tFlF0Tj!3,1999-02-16,1
149,Mary Welch,mikayla29@example.net,jjohnson,KIu5wPrv#Q,1947-08-21,1
150,Nicole Lopez,sarah87@example.net,baileymakayla,ii+bsKeQ_9,1966-10-17,2
151,Kristen Weaver,jonesleonard@example.net,lauren77,4&&XB8U54e,1993-10-20,2
152,Shane Moore,dking@example.net,fcole,!X0Lng+Ik),1945-11-15,1
153,Michelle Stewart,johnsoncassandra@example.net,morrisonjames,#8GmDXVq1y,1951-11-06,1
154,Michael Hughes,codywise@example.org,claudiacobb,@F2E8mIt7Z,1945-10-11,1
155,Martha Walker,penacody@example.com,traciblake,(O7QdknppW,1994-08-04,2
156,Jeremy Rodriguez,marshalllori@example.org,whitneykristen,s70dYGSh%a,2002-01-02,1
157,Russell Chavez,nnewton@example.net,elizabethcordova,2u(re8Np!A,1952-03-22,1
158,Michael Alvarez,seanalvarado@example.com,aadams,c^5heUgAc),1959-04-03,2
159,Melanie Peters,markdunn@example.org,bpowell,^)$3s1RenQ,1985-03-28,1
160,Tiffany Bird,laurengomez@example.net,hollyjones,geA0XLsj*^,1972-07-05,1
161,Michele Perez,andersonandrea@example.net,ybutler,dkQ6FmG&k^,1946-09-04,1
162,Thomas Schneider,codonnell@example.org,barnesjerry,7+7FUf3)p%,2001-04-21,2
163,Catherine Smith,jeremy93@example.org,millerapril,(7FdV0ZVyZ,1978-08-29,1
164,Randy Robertson,mckenzie65@example.net,rhonda23,(%8yWMzOg5,1998-02-11,1
165,Patrick Haynes,kevinreyes@example.org,mullenamy,u0gl55Inl(,1986-05-15,1
166,Nicholas Carson,cindy45@example.org,njohnson,+&dU7C#g$D,1945-08-29,1
167,Thomas Davis,stephen81@example.net,kayla26,%)Nn5IDh0!,1957-08-18,1
168,Mr. Christopher Bright,hendersonjulie@example.net,stephen42,%0GwaJ$qCP,1944-10-20,1
169,Deborah Castro,chamilton@example.com,felicia95,+5z%nAV+xx,2006-02-19,1
170,Autumn Mcknight,cgarcia@example.com,hfreeman,J(51HnrqE*,1975-01-04,1
171,Angela Glass,andrew56@example.org,gerald70,14ZY*4Lxf5,1994-11-02,1
172,Derek Wallace DDS,lisa03@example.net,edward78,(2Fm%NmWS1,1982-02-21,2
173,Christopher Hurst Jr.,bvang@example.org,tracyrogers,!9yK8bugwi,1985-03-27,2
174,Chloe Haley,michaelburton@example.org,lbell,50R@kb2j@y,2001-07-28,1
175,Nicholas Lee,joseph35@example.com,nvang,8c8TzryR)S,1946-04-23,1
176,Caitlin Gray,michael61@example.net,joneshannah,_LJn1wZsY3,1984-04-17,1
177,Courtney Peters,philipdaniels@example.org,wwalters,%ZHY0Peys(,1952-03-01,1
178,Rhonda Turner,rwashington@example.com,ywilliams,_QEV7it^9e,2004-05-26,1
179,Charles Howe,efreeman@example.org,taylorayala,*X%e+O*s2u,1999-11-24,2
180,Stacy Rodriguez,thomasbrian@example.com,troywyatt,n7Uvq5NO!7,1983-04-25,2
181,Mark Pham,shannon69@example.org,andrewspaul,_5UYUZvVLr,1988-07-25,1
182,Shannon Miles,sarah80@example.net,davissandra,_8NovdFCnN,1968-06-10,2
183,Mr. Paul Edwards,shanecarter@example.net,meyerjonathan,)L_Q6&ObN8,1949-03-02,2
184,Jennifer Marks,frankdawn@example.org,ywilliams,!adOpXGu5n,1970-10-01,1
185,Jacob Vasquez,boylekimberly@example.org,richmondbrittney,!dDlOzOR+2,2006-03-01,1
186,Autumn Long,lori89@example.net,johnthomas,#87bQWvN2r,1975-03-19,2
187,Dawn Flores,osmith@example.org,gvaldez,(16Z4v3fF*,1966-11-03,2
188,Lauren Barton,awalker@example.com,courtney74,#9#Rs^om7P,1950-04-09,1
189,Melinda Evans,davidmay@example.net,lukeharvey,DRpT2RYa8^,1967-01-09,1
190,Tonya Campbell,nkelly@example.com,camposmary,+ChjL$Kw78,2003-12-24,1
191,Jessica Hall,danielle33@example.net,emorales,(37sN5)t)i,1963-05-02,1
192,Natalie Hernandez,walterchloe@example.org,aking,%XB!W58pc9,1968-06-03,1
193,Sandra Wu,courtneyharmon@example.com,alanmiller,c*4#HyRd^%,1999-11-14,1
194,Tonya Peterson,andersonsusan@example.com,michelle33,02GpwHN+(f,2002-11-10,1
195,Patricia Nelson,sandra40@example.net,michael52,hMW4$Ki*++,1948-05-27,1
196,Joshua Baker,elizabethclements@example.org,jameshernandez,+%40YKvv6y,1993-06-07,1
197,Brittany Munoz,brownmichael@example.net,zacharysmith,_jn0!6GzE$,1976-05-24,2
198,Robin Branch,erik95@example.org,angel71,txx#3Qckd_,1966-04-02,2
199,Rachel Munoz,rferguson@example.org,suarezsamuel,y7Gm!9Udxs,1966-08-17,2
200,Elaine Perez,warrenjohn@example.com,dorseymelissa,+b3niV!fs&,2000-05-26,2
201,Nicole Pope,rebecca05@example.com,sean20,Wb2A)lsRb(,1990-09-26,2
202,Christopher Rodgers,gabriellemaxwell@example.com,katherine03,+)mYc3Fc0r,1967-12-04,2
203,Shawn Mckenzie,eatkins@example.org,charlesmiller,+#$@6nAq!3,1992-07-27,1
204,Cory Graham,vhuff@example.org,ruthwilliams,@rDHmz3&h2,1976-05-02,2
205,Walter Johnson,gdaniels@example.net,sortiz,@Nz+1DOu7b,1951-02-17,1
206,Brandon West,travisduncan@example.com,bhernandez,*(sUyEF770,1946-10-26,2
207,Connie Sanchez,alicelawrence@example.org,smithtammy,)2ntWW^W#a,1969-01-10,2
208,Shannon Adkins,brenda37@example.com,livingstonbrandon,_6VSYtlbW9,1997-10-08,1
209,Joel Brown,oorr@example.com,lewiskerry,T*2YxBWPZy,1985-05-06,1
210,Ryan Johnson,cmclean@example.org,serranodaniel,p1F!XE5f*l,1948-08-29,1
211,Colleen Carney,ewilliams@example.net,sortiz,&0LxVEa6g3,1994-07-07,1
212,Melissa Perkins,kristineallen@example.org,jamesmiller,!6A!Aye&4d,1954-01-03,1
213,Jennifer Ingram,susan31@example.net,nixonjeffrey,R49IUrDe_t,1948-09-10,2
214,Ethan Smith,wademisty@example.com,bwright,)F1d+G*g62,1990-03-03,2
215,David Garcia,brianna64@example.net,jillmay,PW$58PRe&A,1997-07-18,2
216,Louis Walsh,zthompson@example.net,sharpamber,t1m2I*d8$r,1957-03-13,2
217,Adam Galloway,loweallen@example.com,collinslisa,t%F@4XtyLN,1959-11-09,2
218,Theresa Ramirez,savannah19@example.com,gonzalezkatherine,UKwk^2Yc#8,1993-05-01,2
219,Dr. Christine Ramos,valentineadrian@example.net,shawn30,C$2XWxz0Kr,1976-11-23,2
220,Mario Harris,gloriagreen@example.com,watsonsara,&KF2A2wI5*,1972-12-12,1
221,Nina Price,christina02@example.com,lindaallen,IWef#hIb^5,1993-01-31,1
222,Margaret Shannon,ymcdonald@example.net,reedkevin,)7CgyhwezR,1967-05-01,1
223,Joanne Webster,ladams@example.org,emilyenglish,H#9P6v(3HV,1954-02-01,2
224,Angela Lynch,igarcia@example.org,mooregregory,8vCDTZgT$f,1962-09-18,2
225,Kimberly Moran,breed@example.net,apayne,S6K+2A+j)5,1975-03-04,1
226,Kayla Griffin,vmaldonado@example.net,morgan00,B&!A(9Rqj2,1968-07-18,1
227,Mrs. Carla Martin,cummingserik@example.com,wangalicia,1O3U$ytm*C,2001-06-16,1
228,Brandon Martin,brandon29@example.net,drowe,BN1n9Wrz*%,1999-01-26,2
229,Jennifer Shaffer,matthew55@example.com,tmiller,J&6TYPM^ms,1989-02-18,1
230,Susan White,ann91@example.com,nkennedy,19o6PVow&),1984-01-04,1
231,Vanessa Fitzgerald,vwalker@example.org,ellismolly,$ylS2OUto2,2002-05-27,2
232,Dakota Smith,pthompson@example.org,alexandermichael,26+b#Bb6(q,1955-09-10,1
233,Elizabeth Williams,gracelopez@example.com,nelsonkevin,Rt(4WC(md6,1986-05-12,2
234,Todd Moore,thomaschris@example.org,brian03,^)RNXe9wx9,1993-07-13,2
235,Anne Torres,tlarsen@example.net,gibsongerald,#SVY*Iu!I2,1946-06-03,1
236,Wanda Hardy,williamstabitha@example.com,georgerobert,p9#hjLJ_!E,1970-03-25,2
237,Keith Rodriguez,lauren08@example.org,william91,I0LnQ+(P&f,1964-03-02,1
238,Gregory Mcdonald,christopher02@example.net,kennethsaunders,&@B4JiD*Ph,1988-03-09,2
239,Emily Perez,wendyfreeman@example.org,cglass,1pW5vOpa^s,1991-11-05,2
240,Kelly Ray,coxmorgan@example.com,xdavis,_35+#vyEgN,1966-10-23,1
241,Mrs. Robin Greer,skinnerbrittney@example.net,wendy92,*@)_6RbqYz,1984-05-16,1
242,Ashley Miller,laustin@example.org,joshuabrown,om8S1Jw8%X,1976-12-18,2
243,Angela Chandler,hutchinsonharold@example.com,thomaschristopher,n8xQuJiv%^,2001-05-11,2
244,Michael White,robinsonbradley@example.org,qcantrell,_f_30LUc#9,1984-08-08,2
245,Tiffany Miller,velasquezerika@example.com,garymay,*S+wxLEkY0,2007-04-16,1
246,Martha Holmes,eroberts@example.org,jbradshaw,6Xw6L^OsA*,1999-07-17,1
247,Marilyn Rodriguez,johnnyjohnson@example.com,sarahsloan,8E#3OTyzum,1988-02-07,1
248,Jason Cochran,wsullivan@example.com,cnorman,*5!PT_Un4m,1969-04-25,1
249,Dr. Kenneth Brooks DVM,alexis24@example.com,leahbullock,B4d4CbMm2_,1961-02-23,1
250,Latoya Lopez,plong@example.net,nicole71,7aD2EZtp)s,2005-08-18,1
251,Craig Carr,johnsonmichele@example.org,timothywilliams,hhQ5x1Br_B,1966-08-08,2
252,Michael Elliott,kevinwarren@example.com,tammycooper,LiUSpyuZ)3,1963-10-21,1
253,Scott Snyder,zachary04@example.net,jhuffman,Z8%7@HHuV1,1976-08-29,2
254,Jeffrey Bryan,cpratt@example.com,jasonpark,#ODSRkq)4f,1974-03-15,2
255,Brian Nelson,gwoodward@example.net,sheriruiz,T8s(vF_c&^,2006-07-03,2
256,Christine Ferguson,williamsthomas@example.com,hsims,_b1FW_KdVp,1981-06-28,2
